generation,best_fitness,mean_fitness,fitness_std,best_completion_ratio,best_mean_response,best_energy,jobs_in_snapshot,satellites_in_snapshot,stagnation_generations,world_reset
1,0.6,0.41353938185443667,0.04008401824085672,1.0,17.8,178.0,10,10,0,0
2,0.6,0.4384496510468594,0.06663388489821585,1.0,17.8,178.0,10,10,1,0
3,0.6,0.49035393818544365,0.08463557657063572,1.0,17.8,178.0,10,10,2,0
4,0.6,0.49624613003095974,0.09942215756515614,1.0,17.8,178.0,10,10,3,0
5,0.6,0.5199152542372881,0.09605256254529573,1.0,17.8,178.0,10,10,4,0
6,0.6,0.5263559322033898,0.09706296753152999,1.0,17.8,178.0,10,10,5,0
7,0.6,0.5224125452352232,0.11083286605674572,1.0,17.8,178.0,10,10,6,0
8,0.6,0.5254735792622133,0.09432180455065796,1.0,17.8,178.0,10,10,7,0
9,0.6,0.525131845841785,0.09718004552661423,1.0,17.8,178.0,10,10,8,0
10,0.6,0.5342342799188641,0.09433549944321272,1.0,17.8,178.0,10,10,9,0
11,0.6,0.5436480362537764,0.0889533166464812,1.0,17.8,178.0,10,10,0,1
12,0.6,0.5170360246705915,0.10004258089089461,1.0,23.55,336.0,20,10,0,0
13,0.6,0.5093073047858941,0.11277620550602653,1.0,23.55,336.0,20,10,1,0
14,0.6,0.5401394729464536,0.09436080287999554,1.0,23.55,336.0,20,10,2,0
15,0.6,0.5416050664451827,0.09201270392955611,1.0,23.45,336.0,20,10,3,0
16,0.6,0.5130836209601506,0.10845184063077033,1.0,23.45,336.0,20,10,4,0
17,0.6,0.5338470159708602,0.09207173354369376,1.0,23.45,336.0,20,10,5,0
18,0.6,0.5255989072569347,0.09689287464662583,1.0,23.45,336.0,20,10,6,0
19,0.6,0.5424481647520314,0.08970974759286333,1.0,23.45,336.0,20,10,7,0
20,0.6,0.5323402913981508,0.0961531661927168,1.0,23.45,336.0,20,10,8,0
21,0.6,0.5555947043989913,0.08128691391904636,1.0,23.45,336.0,20,10,9,0
22,0.6,0.5500448304847296,0.08399258383971873,1.0,23.45,336.0,20,10,0,1
23,0.6,0.5395257775287196,0.09125219579278367,1.0,23.45,336.0,20,10,0,0
24,0.6,0.5339801064724012,0.09500581865820695,1.0,23.45,336.0,20,10,1,0
25,0.6,0.5328075091061922,0.09664230304742721,1.0,23.45,336.0,20,10,2,0
26,0.6,0.5408517924803264,0.09152591249477732,1.0,23.45,336.0,20,10,3,0
27,0.6,0.5405662048969072,0.0992758399570883,1.0,23.45,336.0,20,10,4,0
28,0.6,0.5411503362151777,0.09524534994633502,1.0,23.45,336.0,20,10,5,0
29,0.6,0.5571005154639175,0.08803914810922506,1.0,23.45,336.0,20,10,6,0
30,0.6,0.5435079854300925,0.08849390088462764,1.0,23.45,336.0,20,10,7,0
31,0.6,0.5444017932193891,0.0902350267606034,1.0,23.45,336.0,20,10,8,0
32,0.6,0.548803554427166,0.09273530062608162,1.0,23.45,336.0,20,10,9,0
33,0.6,0.5380346618018523,0.09043237921069146,1.0,23.45,336.0,20,10,0,1
34,0.6,0.5459078173157748,0.08663100408364884,1.0,23.45,336.0,20,10,0,0
35,0.6,0.546762398430933,0.08647673254973967,1.0,23.45,336.0,20,10,1,0
36,0.6,0.5411200616419165,0.08933084190865001,1.0,23.45,336.0,20,10,2,0
37,0.6,0.5508720930232558,0.08500286186570143,1.0,23.45,336.0,20,10,3,0
38,0.6,0.5529595124684785,0.08289594584004913,1.0,23.45,336.0,20,10,4,0
39,0.6,0.5540583498163323,0.08285218774743781,1.0,23.45,336.0,20,10,5,0
40,0.6,0.5393443541608294,0.09325076779034493,1.0,23.45,336.0,20,10,6,0
41,0.6,0.554192350798543,0.08258350658289168,1.0,23.45,336.0,20,10,7,0
42,0.6,0.5425749509666573,0.08952732240036554,1.0,23.45,336.0,20,10,8,0
43,0.6,0.5454903334267301,0.09132251942642224,1.0,23.45,336.0,20,10,9,0
44,0.6,0.5474700854700854,0.09103174927897834,1.0,23.45,336.0,20,10,0,1
45,0.6,0.5511312692630989,0.0845527792893468,1.0,23.45,336.0,20,10,0,0
46,0.6,0.5607242925189129,0.07782358443601861,1.0,23.45,336.0,20,10,1,0
47,0.6,0.5561312692630989,0.0768012520229952,1.0,23.45,336.0,20,10,2,0
48,0.6,0.5389843093303446,0.09192681751768494,1.0,23.45,336.0,20,10,3,0
49,0.6,0.5360114878117119,0.09684768707222222,1.0,23.45,336.0,20,10,4,0
50,0.6,0.5464037545530961,0.08928117840453029,1.0,23.45,336.0,20,10,5,0
51,0.6,0.5344921546651723,0.09252165028628292,1.0,23.45,336.0,20,10,6,0
52,0.6,0.5536200616419165,0.0841536322257743,1.0,23.45,336.0,20,10,7,0
53,0.6,0.531284673578033,0.09129435870633093,1.0,23.45,336.0,20,10,8,0
54,0.6,0.5517363983455297,0.09139081071942898,1.0,23.45,336.0,20,10,9,0
55,0.6,0.5547303166152984,0.08249008329588411,1.0,23.45,336.0,20,10,0,1
56,0.6,0.5515809750630428,0.08664803836450305,1.0,23.45,336.0,20,10,0,0
57,0.6,0.5520650042028579,0.08595756028794796,1.0,23.45,336.0,20,10,1,0
58,0.6,0.5528194172036985,0.0869179059220216,1.0,23.45,336.0,20,10,2,0
59,0.6,0.5735384615384614,0.06608145380409337,1.0,23.45,336.0,20,10,3,0
60,0.6,0.5582207901372933,0.08007280823658301,1.0,23.45,336.0,20,10,4,0
61,0.6,0.557696133370692,0.08382545834049593,1.0,23.45,336.0,20,10,5,0
62,0.6,0.5656297282151863,0.07647931132309761,1.0,23.45,336.0,20,10,6,0
63,0.6,0.5704728215186327,0.07061297946749331,1.0,23.45,336.0,20,10,7,0
64,0.6,0.566361332923833,0.08002088721127214,1.0,23.45,336.0,20,10,8,0
65,0.6,0.5565979381443299,0.08678282627536896,1.0,23.45,336.0,20,10,9,0
66,0.6,0.5586799291237113,0.09001357011126146,1.0,23.45,336.0,20,10,0,1
67,0.6,0.5643688708321658,0.07744086088472941,1.0,23.45,336.0,20,10,0,0
68,0.6,0.5754601950912523,0.0704257782971496,1.0,23.45,336.0,20,10,1,0
69,0.6,0.5604216488357457,0.08599505711523586,1.0,23.45,336.0,20,10,2,0
70,0.6,0.5760486130568786,0.06544684026981733,1.0,23.45,336.0,20,10,3,0
71,0.6,0.5603201176800224,0.082173603022134,1.0,23.45,336.0,20,10,4,0
72,0.6,0.5603593443541608,0.08064338633757814,1.0,23.45,336.0,20,10,5,0
73,0.6,0.5553327564505978,0.08946477201797574,1.0,23.45,336.0,20,10,6,0
74,0.6,0.5661803026057719,0.07699050769588853,1.0,23.45,336.0,20,10,7,0
75,0.6,0.5635156906696553,0.07945694122556839,1.0,23.45,336.0,20,10,8,0
76,0.6,0.5522269652061855,0.09449506633863851,1.0,23.45,336.0,20,10,9,0
77,0.6,0.5644953316162266,0.08064891295882946,1.0,23.45,336.0,20,10,0,1
78,0.6,0.5641688144329897,0.085335477056533,1.0,23.45,336.0,20,10,0,0
79,0.6,0.5705113636363636,0.07604745477622155,1.0,23.45,336.0,20,10,1,0
80,0.6,0.5374669603524229,0.09994925266491726,1.0,23.45,336.0,20,10,2,0
81,0.6,0.5571686746987952,0.0842670428971684,1.0,23.45,336.0,20,10,3,0
82,0.6,0.5608419725413281,0.08240626879457101,1.0,23.45,336.0,20,10,4,0
83,0.6,0.5658857772183763,0.0798895568677144,1.0,23.45,336.0,20,10,5,0
84,0.6,0.557901195720579,0.08959413571823951,1.0,23.45,336.0,20,10,6,0
85,0.6,0.5623725133090501,0.07790922391376401,1.0,23.45,336.0,20,10,7,0
86,0.6,0.5631710563182964,0.0778873064168533,1.0,23.45,336.0,20,10,8,0
87,0.6,0.5697534323339871,0.07168492698581264,1.0,23.45,336.0,20,10,9,0
88,0.6,0.5711543849817876,0.06967140135758379,1.0,23.45,336.0,20,10,0,1
89,0.6,0.5534327758121582,0.0918964333411511,1.0,23.45,336.0,20,10,0,0
90,0.6,0.5480015410479125,0.09072253286592816,1.0,23.45,336.0,20,10,1,0
91,0.6,0.5409030837004405,0.10062499173994788,1.0,23.45,336.0,20,10,2,0
92,0.6,0.5610402073409919,0.08134553207377265,1.0,23.45,336.0,20,10,3,0
93,0.6,0.5644936974789916,0.07585782783549454,1.0,23.4,336.0,20,10,4,0
94,0.6,0.5651375198728139,0.08117896088296019,1.0,23.4,336.0,20,10,5,0
95,0.6,0.5562324929971989,0.0835689041449636,1.0,23.4,336.0,20,10,6,0
96,0.6,0.5696869747899159,0.07126973101631141,1.0,23.4,336.0,20,10,7,0
97,0.6,0.5540266106442577,0.08610408616144052,1.0,23.4,336.0,20,10,8,0
98,0.6,0.5481554621848739,0.08955316740479155,1.0,23.4,336.0,20,10,9,0
99,0.6,0.5473228346456692,0.0964167566369141,1.0,23.4,336.0,20,10,0,1
100,0.6,0.5518101300858013,0.08625861641504041,1.0,23.4,336.0,20,10,0,0
101,0.6,0.5569210950080515,0.08861442427690842,1.0,23.4,336.0,20,10,1,0
102,0.6,0.5442945030361137,0.09893203424825078,1.0,23.4,336.0,20,10,2,0
103,0.6,0.5565637254901961,0.08387503118850187,1.0,23.4,336.0,20,10,3,0
104,0.6,0.5592198879551821,0.08387008202342709,1.0,23.4,336.0,20,10,4,0
105,0.6,0.5591184334696445,0.08742853352130067,1.0,23.4,336.0,20,10,5,0
106,0.6,0.5514046104928457,0.09365209148923885,1.0,23.4,336.0,20,10,6,0
107,0.6,0.5585063025210083,0.08292512384838524,1.0,23.4,336.0,20,10,7,0
108,0.6,0.5500755743651753,0.09175620400964987,1.0,23.4,336.0,20,10,8,0
109,0.6,0.552009279647688,0.09236053931839842,1.0,23.4,336.0,20,10,9,0
110,0.6,0.5422188449848024,0.09687705198154833,1.0,23.4,336.0,20,10,0,1
111,0.6,0.5523961937716263,0.09265205080904566,1.0,23.4,336.0,20,10,0,0
112,0.6,0.5562913165266107,0.0835857566914648,1.0,23.4,336.0,20,10,1,0
113,0.6,0.5645329131652661,0.07639212459559631,1.0,23.4,336.0,20,10,2,0
114,0.6,0.5543158225857188,0.09099654907127248,1.0,23.4,336.0,20,10,3,0
115,0.6,0.5571848739495798,0.08416198994274322,1.0,23.4,336.0,20,10,4,0
116,0.6,0.5570877616747182,0.09018557259728391,1.0,23.4,336.0,20,10,5,0
117,0.6,0.5739806287710384,0.07260061739023888,1.0,23.4,336.0,20,10,6,0
118,0.6,0.5617584145957848,0.0834463187120254,1.0,23.4,336.0,20,10,7,0
119,0.6,0.5608231434536236,0.08264380512865328,1.0,23.4,336.0,20,10,8,0
120,0.6,0.5470673611111111,0.0929516951780742,1.0,23.4,336.0,20,10,9,0
121,0.6,0.5509921145799807,0.09428962278989232,1.0,23.4,336.0,20,10,0,1
122,0.6,0.5416907832651777,0.09978170615966515,1.0,23.4,336.0,20,10,0,0
123,0.6,0.5517041800643087,0.09445335841827841,1.0,23.4,336.0,20,10,1,0
124,0.6,0.5575408933626926,0.08707377843913441,1.0,23.4,336.0,20,10,2,0
125,0.6,0.5604152661064425,0.07969684984889057,1.0,23.4,336.0,20,10,3,0
126,0.6,0.5646351540616247,0.07669864369620077,1.0,23.4,336.0,20,10,4,0
127,0.6,0.5550990338164251,0.09165000591511309,1.0,23.4,336.0,20,10,5,0
128,0.6,0.5443317522321428,0.0925105411038126,1.0,23.4,336.0,20,10,6,0
129,0.6,0.5309649260773828,0.10769472050434334,1.0,23.4,336.0,20,10,7,0
130,0.6,0.5520276850306065,0.08775223692765995,1.0,23.4,336.0,20,10,8,0
131,0.6,0.5725401328535843,0.06764534029570117,1.0,23.4,336.0,20,10,9,0
132,0.6,0.5593774509803922,0.08026692579117549,1.0,23.4,336.0,20,10,0,1
133,0.6,0.5617238125196602,0.08470603155709099,1.0,23.4,336.0,20,10,0,0
134,0.6,0.5554257849666984,0.09214025449995863,1.0,23.4,336.0,20,10,1,0
135,0.6,0.5717471988795517,0.07144157992093529,1.0,23.4,336.0,20,10,2,0
136,0.6,0.555280112044818,0.0840029758575394,1.0,23.4,336.0,20,10,3,0
137,0.6,0.5541028323141294,0.0930230450483763,1.0,23.4,336.0,20,10,4,0
138,0.6,0.5430795847750864,0.09882195144592865,1.0,23.4,336.0,20,10,5,0
139,0.6,0.5646553945249597,0.08057317000674533,1.0,23.4,336.0,20,10,6,0
140,0.6,0.5560119047619048,0.08357369789355744,1.0,23.4,336.0,20,10,7,0
141,0.6,0.5486225490196078,0.08931109654868127,1.0,23.4,336.0,20,10,8,0
142,0.6,0.5616348261822737,0.08515096269090157,1.0,23.4,336.0,20,10,9,0
143,0.6,0.5523741742686379,0.09165465855213228,1.0,23.4,336.0,20,10,0,1
144,0.6,0.553040458937198,0.09037014006168588,1.0,23.4,336.0,20,10,0,0
145,0.6,0.5512527762354247,0.08841275400394016,1.0,23.4,336.0,20,10,1,0
146,0.6,0.566250700280112,0.07617647111611697,1.0,23.4,336.0,20,10,2,0
147,0.6,0.5594607843137255,0.08190603270931655,1.0,23.4,336.0,20,10,3,0
148,0.6,0.5546960022209884,0.08520219118251932,1.0,23.4,336.0,20,10,4,0
149,0.6,0.5555266106442577,0.08450459383476808,1.0,23.4,336.0,20,10,5,0
150,0.6,0.5672971014492753,0.07932927112991903,1.0,23.4,336.0,20,10,6,0
151,0.6,0.5738880150990877,0.07188804684429415,1.0,23.4,336.0,20,10,7,0
152,0.6,0.5541435574229692,0.08373829296576796,1.0,23.4,336.0,20,10,8,0
153,0.6,0.5420813204508856,0.09983073661902933,1.0,23.4,336.0,20,10,9,0
154,0.6,0.5490772980501393,0.08956530859949935,1.0,23.4,336.0,20,10,0,1
155,0.6,0.5673666053357865,0.07849136725728696,1.0,23.4,336.0,20,10,0,0
156,0.6,0.5627241270839887,0.08252842301130774,1.0,23.4,336.0,20,10,1,0
157,0.6,0.5642631330607109,0.08370730642632158,1.0,23.4,336.0,20,10,2,0
158,0.6,0.5485460251046025,0.09651288957267645,1.0,23.4,336.0,20,10,3,0
159,0.6,0.5451932251908397,0.09714172684516052,1.0,23.4,336.0,20,10,4,0
160,0.6,0.567145732689211,0.07954957751744386,1.0,23.4,336.0,20,10,5,0
161,0.6,0.5507769726247986,0.0948559587874175,1.0,23.4,336.0,20,10,6,0
162,0.6,0.5427212885154061,0.09540618139064012,1.0,23.4,336.0,20,10,7,0
163,0.6,0.5558963585434173,0.0845773868889603,1.0,23.4,336.0,20,10,8,0
164,0.6,0.5612062786697247,0.08003471170165745,1.0,23.4,336.0,20,10,9,0
165,0.6,0.559735294117647,0.0808375735355903,1.0,23.4,336.0,20,10,0,1
166,0.6,0.5577436974789916,0.08288611382321234,1.0,23.4,336.0,20,10,0,0
167,0.6,0.5600024154589371,0.08508270843336031,1.0,23.4,336.0,20,10,1,0
168,0.6,0.5618848631239935,0.08441707178887285,1.0,23.4,336.0,20,10,2,0
169,0.6,0.5590399159663866,0.08004897096314086,1.0,23.4,336.0,20,10,3,0
170,0.6,0.5619133375275244,0.08342697354887557,1.0,23.4,336.0,20,10,4,0
171,0.6,0.5539572192513369,0.08836038108448455,1.0,23.4,336.0,20,10,5,0
172,0.6,0.5515397923875432,0.08965550543005643,1.0,23.4,336.0,20,10,6,0
173,0.6,0.5511050420168067,0.08697974900949028,1.0,23.4,336.0,20,10,7,0
174,0.6,0.5540924819125511,0.08946336566227456,1.0,23.4,336.0,20,10,8,0
175,0.6,0.5608823529411765,0.07914977544638177,1.0,23.4,336.0,20,10,9,0
176,0.6,0.5554797106008178,0.09094667254421421,1.0,23.4,336.0,20,10,0,1
177,0.6,0.5579006041426927,0.0832137169846102,1.0,23.4,336.0,20,10,0,0
178,0.6,0.5503270308123249,0.08717318723771786,1.0,23.4,336.0,20,10,1,0
179,0.6,0.5756312399355877,0.0693554497271863,1.0,23.4,336.0,20,10,2,0
180,0.6,0.5700602240896359,0.07143109885955223,1.0,23.4,336.0,20,10,3,0
181,0.6,0.5634180672268907,0.07923390056047135,1.0,23.4,336.0,20,10,4,0
182,0.6,0.5502595155709342,0.09263155626848425,1.0,23.4,336.0,20,10,5,0
183,0.6,0.5545063871146904,0.0858492651095039,1.0,23.4,336.0,20,10,6,0
184,0.6,0.5578350110097514,0.08754367932371367,1.0,23.4,336.0,20,10,7,0
185,0.6,0.5511820728291316,0.08876517414883134,1.0,23.4,336.0,20,10,8,0
186,0.6,0.5608006115223688,0.08559197942533438,1.0,23.4,336.0,20,10,9,0
187,0.6,0.5726626409017713,0.07284968667075412,1.0,23.4,336.0,20,10,0,1
188,0.6,0.5541379551820728,0.08540995380105884,1.0,23.4,336.0,20,10,0,0
189,0.6,0.5629720782959124,0.07933114948247923,1.0,23.4,336.0,20,10,1,0
190,0.6,0.5491904761904762,0.08903645512504714,1.0,23.4,336.0,20,10,2,0
191,0.6,0.5535932069510268,0.0906703999671969,1.0,23.4,336.0,20,10,3,0
192,0.6,0.5574189996854356,0.08681117237933586,1.0,23.4,336.0,20,10,4,0
193,0.6,0.5643639291465378,0.08506755010509892,1.0,23.4,336.0,20,10,5,0
194,0.6,0.5453663446054751,0.0982833915906354,1.0,23.4,336.0,20,10,6,0
195,0.6,0.5636050420168067,0.07559261505148043,1.0,23.4,336.0,20,10,7,0
196,0.6,0.5751415539477823,0.06989461571184634,1.0,23.4,336.0,20,10,8,0
197,0.6,0.5630078125,0.08064887423666377,1.0,23.4,336.0,20,10,9,0
198,0.6,0.5575977266426393,0.0823439035330232,1.0,23.4,336.0,20,10,0,1
199,0.6,0.5709605097545626,0.07563602558147632,1.0,23.45,336.0,20,10,0,0
200,0.6,0.5622772485289996,0.0788089730452512,1.0,23.45,336.0,20,10,1,0
